ResolvedPersonID,CanonicalName,ApproxBirthYear,GenderID,FirstSeenDate,LastSeenDate,CaseCount,RiskScore
1,Manjunath Gowda,1992,1,,,20,
2,Syed Imran,1993,1,,,11,
3,Naveen Reddy,1997,1,,,9,
4,Muniraju,1990,1,,,15,
5,Ravi K,1995,1,,,12,
6,Santosh Naik,1996,1,,,12,
7,Puneeth,2002,1,,,9,
8,Umesh Hegde,2000,1,,,9,
9,Santosh Rao,2007,1,,,3,
10,Anand,1981,1,,,17,
11,Prakash,2003,1,,,9,
12,Basavaraj,1977,1,,,11,
13,Mahesh,2004,1,,,11,
14,Ramesh Rao,1980,1,,,7,
15,Girish,2001,1,,,11,
16,Umesh,2005,1,,,7,
17,Raghavendra Murthy,2002,1,,,12,
18,Puneeth,1980,1,,,13,
19,Raghavendra Murthy,1975,1,,,7,
20,Manjunath,2005,1,,,7,
21,Nagaraj,2001,1,,,9,
22,Yogesh,2003,1,,,6,
23,Umesh,1977,1,,,9,
24,Ramesh,1998,1,,,9,
25,Suresh,1977,1,,,3,
26,Krishnappa Murthy,1990,1,,,4,
27,Darshan,1984,1,,,9,
28,Harish,1973,1,,,6,
29,Raghavendra,1996,1,,,8,
30,Shivakumar Naik,1987,1,,,7,
31,Yogesh,1986,1,,,10,
32,Lokesh Murthy,1978,1,,,6,
33,Muniraju,2000,1,,,15,
34,Ramesh,1988,1,,,8,
35,Kiran,1976,1,,,12,
36,Mahesh,1984,1,,,7,
37,Raghavendra,1991,1,,,10,
38,Srinivas,1974,1,,,8,
39,Kiran Patil,1997,1,,,8,
40,Srinivas,1996,1,,,17,
41,Muniraju Shetty,2003,1,,,4,
42,Krishnappa,1987,1,,,3,
43,Prakash,1999,1,,,11,
44,Manjunath,1973,1,,,9,
45,Umesh,2003,1,,,5,
46,Krishnappa,1997,1,,,10,
47,Anand,1993,1,,,5,
48,Kiran,1981,1,,,6,
49,Lokesh,1988,1,,,6,
50,Kiran,1992,1,,,13,
51,Lokesh Achar,1977,1,,,3,
52,Umesh,1973,1,,,5,
53,Shivakumar,1975,1,,,10,
54,Shivakumar Swamy,1978,1,,,8,
55,Anand Achar,1988,1,,,4,
56,Muniraju,2006,1,,,6,
57,Chandrashekar,1986,1,,,8,
58,Harish Rao,1989,1,,,6,
59,Basavaraj Hegde,1984,1,,,6,
60,Ramesh Murthy,1973,1,,,3,
61,Anand Gowda,1993,1,,,3,
62,Kiran,1984,1,,,7,
63,Shivakumar,2002,1,,,6,
64,Raghavendra,1978,1,,,16,
65,Krishnappa Naik,2006,1,,,4,
66,Darshan Rao,1986,1,,,9,
67,Nagaraj Poojari,2001,1,,,4,
68,Prakash,1988,1,,,16,
69,Suresh,1984,1,,,7,
70,Suresh,1994,1,,,9,
71,Basavaraj Kumar,1972,1,,,4,
72,Girish,1991,1,,,13,
73,Darshan,1991,1,,,5,
74,Basavaraj Swamy,2005,1,,,5,
75,Lokesh,2001,1,,,4,
76,Lokesh,1980,1,,,4,
77,Yogesh Naik,2002,1,,,6,
78,Prakash,1982,1,,,4,
79,Krishnappa,1974,1,,,10,
80,Venkatesh,1987,1,,,11,
81,Yogesh,1982,1,,,8,
82,Santosh Poojari,2006,1,,,3,
83,Umesh Gowda,1985,1,,,6,
84,Girish,1972,1,,,5,
85,Manjunath Hegde,1987,1,,,5,
86,Manjunath,1979,1,,,8,
87,Kiran Swamy,1996,1,,,2,
88,Umesh,1981,1,,,11,
89,Nagaraj,1998,1,,,11,
90,Krishnappa,1983,1,,,10,
91,Shivakumar Achar,1990,1,,,10,
92,Lokesh Shetty,2005,1,,,5,
93,Kiran Kumar,1994,1,,,3,
94,Harish,1979,1,,,9,
95,Suresh,1997,1,,,5,
96,Kiran Gowda,1979,1,,,3,
97,Umesh Murthy,1979,1,,,3,
98,Venkatesh,2002,1,,,12,
99,Umesh,1990,1,,,7,
100,Ramesh Shetty,1989,1,,,7,
101,Suresh Naik,1999,1,,,4,
102,Suresh,1973,1,,,5,
103,Muniraju Achar,1990,1,,,8,
104,Umesh,1983,1,,,3,
105,Kiran Reddy,1984,1,,,3,
106,Puneeth,1991,1,,,9,
107,Manjunath Swamy,1990,1,,,7,
108,Prakash,1990,1,,,6,
109,Srinivas,1989,1,,,11,
110,Anand,1987,1,,,4,
111,Ramesh Poojari,2004,1,,,4,
112,Lokesh,1993,1,,,6,
113,Suresh Kumar,1980,1,,,5,
114,Krishnappa Hegde,1981,1,,,4,
115,Santosh Murthy,1995,1,,,5,
116,Umesh Swamy,1981,1,,,3,
117,Manjunath Gowda,1974,1,,,4,
118,Santosh Achar,1978,1,,,7,
119,Srinivas Patil,1992,1,,,11,
120,Yogesh,1990,1,,,9,
121,Ramesh Shetty,1984,1,,,8,
122,Ramesh Naik,1976,1,,,6,
123,Santosh,1974,1,,,6,
124,Shivakumar Reddy,1989,1,,,4,
125,Santosh,1981,1,,,14,
126,Lokesh Rao,2007,1,,,2,
127,Lokesh Hegde,1992,1,,,3,
128,Krishnappa,1993,1,,,8,
129,Muniraju Poojari,2002,1,,,2,
130,Puneeth Patil,2000,1,,,5,
131,Chandrashekar,1972,1,,,7,
132,Ramesh,1993,1,,,12,
133,Nagaraj,1980,1,,,10,
134,Yogesh,1999,1,,,10,
135,Basavaraj,1994,1,,,8,
136,Srinivas Shetty,1978,1,,,10,
137,Muniraju,1996,1,,,4,
138,Kiran Reddy,1998,1,,,2,
139,Prakash,1995,1,,,10,
140,Muniraju Gowda,1990,1,,,2,
141,Chandrashekar Swamy,1992,1,,,4,
142,Manjunath,2002,1,,,5,
143,Kiran Achar,1996,1,,,3,
144,Anand Murthy,1992,1,,,4,
145,Mahesh Kumar,1975,1,,,7,
146,Srinivas Gowda,1999,1,,,4,
147,Mahesh,1978,1,,,7,
148,Puneeth,2006,1,,,4,
149,Srinivas Reddy,2000,1,,,6,
150,Anand,1977,1,,,12,
151,Ramesh Poojari,1978,1,,,5,
152,Nagaraj,1984,1,,,11,
153,Srinivas Swamy,2004,1,,,3,
154,Lokesh,1984,1,,,6,
155,Anand Rao,2000,1,,,4,
156,Venkatesh Poojari,1992,1,,,8,
157,Yogesh,1994,1,,,7,
158,Harish,1986,1,,,7,
159,Suresh Achar,1978,1,,,4,
160,Shivakumar,1992,1,,,7,
161,Harish,2000,1,,,8,
162,Girish Kumar,1988,1,,,4,
163,Yogesh,2007,1,,,3,
164,Raghavendra Naik,1990,1,,,6,
165,Shivakumar,2005,1,,,5,
166,Suresh,1988,1,,,10,
167,Yogesh Shetty,1981,1,,,3,
168,Raghavendra Hegde,1997,1,,,5,
169,Puneeth,1987,1,,,10,
170,Lokesh Swamy,2000,1,,,9,
171,Shivakumar,1981,1,,,14,
172,Anand,1984,1,,,6,
173,Mahesh Rao,1975,1,,,3,
174,Nagaraj Reddy,1983,1,,,4,
175,Muniraju Poojari,1988,1,,,6,
176,Basavaraj Gowda,2006,1,,,2,
177,Basavaraj Swamy,1990,1,,,5,
178,Lokesh Shetty,1988,1,,,4,
179,Muniraju,1980,1,,,8,
180,Girish,1998,1,,,11,
181,Basavaraj Patil,1996,1,,,3,
182,Yogesh Reddy,1985,1,,,3,
183,Yogesh Swamy,1977,1,,,4,
184,Chandrashekar Shetty,1989,1,,,5,
185,Prakash Murthy,1972,1,,,6,
186,Krishnappa Murthy,1999,1,,,4,
187,Darshan Reddy,1979,1,,,10,
188,Muniraju,1984,1,,,8,
189,Manjunath Poojari,1989,1,,,3,
190,Kiran,2000,1,,,11,
191,Girish Patil,1999,1,,,5,
192,Prakash,1975,1,,,10,
193,Raghavendra Poojari,2004,1,,,2,
194,Kiran,1987,1,,,3,
195,Prakash Reddy,1981,1,,,3,
196,Puneeth,1972,1,,,5,
197,Manjunath Shetty,2003,1,,,4,
198,Krishnappa Reddy,1986,1,,,2,
199,Muniraju Rao,1985,1,,,4,
200,Muniraju Naik,1986,1,,,5,
201,Krishnappa Achar,1981,1,,,4,
202,Manjunath Reddy,1996,1,,,7,
203,Nagaraj,1975,1,,,8,
204,Lokesh Kumar,1975,1,,,5,
205,Muniraju Gowda,1986,1,,,6,
206,Muniraju Poojari,1992,1,,,3,
207,Puneeth,1997,1,,,7,
208,Venkatesh Kumar,1983,1,,,6,
209,Shivakumar Kumar,1999,1,,,9,
210,Chandrashekar Reddy,1978,1,,,6,
211,Krishnappa Patil,1994,1,,,2,
212,Girish,1981,1,,,7,
213,Chandrashekar Murthy,1996,1,,,8,
214,Darshan,2003,1,,,6,
215,Krishnappa Shetty,1990,1,,,2,
216,Yogesh Achar,1978,1,,,5,
217,Kiran Hegde,1975,1,,,6,
218,Muniraju Rao,1989,1,,,3,
219,Krishnappa Kumar,1997,1,,,6,
220,Venkatesh Achar,1986,1,,,2,
221,Puneeth Naik,2000,1,,,2,
222,Santosh Naik,1976,1,,,3,
223,Kiran Achar,1985,1,,,3,
224,Yogesh Reddy,2003,1,,,5,
225,Srinivas,1986,1,,,10,
226,Shivakumar Achar,2006,1,,,3,
227,Prakash Gowda,1981,1,,,5,
228,Suresh Kumar,1989,1,,,3,
229,Prakash Swamy,1976,1,,,9,
230,Umesh,1995,1,,,7,
231,Prakash Achar,1999,1,,,3,
232,Anand Swamy,1988,1,,,2,
233,Anand Poojari,1994,1,,,4,
234,Mahesh Achar,2002,1,,,2,
235,Krishnappa Naik,1990,1,,,5,
236,Chandrashekar Gowda,2007,1,,,2,
237,Srinivas Poojari,1982,1,,,3,
238,Lokesh Reddy,2003,1,,,3,
239,Santosh Naik,1985,1,,,11,
240,Chandrashekar Rao,2004,1,,,4,
241,Nagaraj,1988,1,,,7,
242,Yogesh Naik,1987,1,,,2,
243,Basavaraj Swamy,1972,1,,,3,
244,Darshan,1981,1,,,5,
245,Yogesh,1973,1,,,3,
246,Nagaraj Murthy,1993,1,,,11,
247,Venkatesh Swamy,1980,1,,,6,
248,Anand Naik,1972,1,,,2,
249,Kiran Rao,1998,1,,,3,
250,Manjunath Kumar,1989,1,,,3,
251,Lokesh Patil,1992,1,,,6,
252,Suresh Hegde,1998,1,,,2,
253,Manjunath Hegde,1973,1,,,1,
254,Darshan Rao,1993,1,,,4,
255,Yogesh,1997,1,,,9,
256,Kiran,2003,1,,,9,
257,Nagaraj Naik,1976,1,,,4,
258,Raghavendra Patil,2004,1,,,2,
259,Mahesh Kumar,2006,1,,,4,
260,Harish Naik,1988,1,,,2,
261,Mahesh,1996,1,,,10,
262,Yogesh Patil,1999,1,,,3,
263,Yogesh Achar,2006,1,,,3,
264,Srinivas Patil,2005,1,,,3,
265,Harish Hegde,1988,1,,,2,
266,Prakash Poojari,2002,1,,,1,
267,Basavaraj Naik,1996,1,,,2,
268,Harish Poojari,1972,1,,,3,
269,Venkatesh,1997,1,,,7,
270,Prakash Reddy,1990,1,,,3,
271,Shivakumar Shetty,1994,1,,,2,
272,Ramesh Naik,1980,1,,,2,
273,Harish,1981,1,,,9,
274,Suresh,2003,1,,,9,
275,Ramesh Kumar,1975,1,,,6,
276,Nagaraj Kumar,1977,1,,,5,
277,Nagaraj Naik,1995,1,,,5,
278,Suresh Achar,2001,1,,,2,
279,Anand Kumar,2008,1,,,2,
280,Yogesh Hegde,2003,1,,,1,
281,Umesh Reddy,1974,1,,,2,
282,Shivakumar Shetty,1998,1,,,2,
283,Venkatesh Achar,1995,1,,,2,
284,Srinivas Naik,1978,1,,,2,
285,Harish Rao,1981,1,,,7,
286,Raghavendra,1987,1,,,5,
287,Santosh Gowda,1984,1,,,2,
288,Harish Murthy,1990,1,,,4,
289,Yogesh Poojari,1999,1,,,2,
290,Harish Rao,1975,1,,,5,
291,Suresh Poojari,2004,1,,,2,
292,Kiran Murthy,1995,1,,,3,
293,Chandrashekar Achar,1988,1,,,3,
294,Darshan Achar,1973,1,,,3,
295,Venkatesh Reddy,1988,1,,,3,
296,Lokesh Rao,1982,1,,,4,
297,Manjunath Hegde,1997,1,,,4,
298,Prakash Shetty,1993,1,,,3,
299,Puneeth Achar,2002,1,,,3,
300,Basavaraj Rao,2000,1,,,4,
301,Chandrashekar Kumar,1983,1,,,8,
302,Girish,2005,1,,,9,
303,Mahesh Rao,2002,1,,,2,
304,Shivakumar,1996,1,,,5,
305,Raghavendra Kumar,1982,1,,,8,
306,Puneeth Shetty,1979,1,,,4,
307,Umesh Hegde,2004,1,,,4,
308,Venkatesh,2006,1,,,5,
309,Anand Shetty,1979,1,,,8,
310,Santosh,1992,1,,,6,
311,Venkatesh Achar,1991,1,,,4,
312,Krishnappa Kumar,1992,1,,,4,
313,Krishnappa Reddy,1992,1,,,2,
314,Suresh Naik,2003,1,,,2,
315,Mahesh,1988,1,,,8,
316,Girish Swamy,1998,1,,,2,
317,Kiran Shetty,2002,1,,,2,
318,Ramesh Shetty,1976,1,,,2,
319,Suresh Kumar,1999,1,,,3,
320,Lokesh,1991,1,,,4,
321,Manjunath Hegde,2002,1,,,5,
322,Umesh Gowda,1996,1,,,9,
323,Chandrashekar Hegde,1981,1,,,2,
324,Harish,1993,1,,,10,
325,Anand Poojari,1999,1,,,6,
326,Basavaraj Murthy,1979,1,,,8,
327,Muniraju Gowda,1982,1,,,3,
328,Prakash Reddy,1973,1,,,1,
329,Umesh Patil,1980,1,,,4,
330,Suresh Hegde,1979,1,,,2,
331,Kiran Shetty,1977,1,,,3,
332,Nagaraj Shetty,1977,1,,,3,
333,Chandrashekar Poojari,1990,1,,,5,
334,Srinivas Poojari,1976,1,,,1,
335,Ramesh Kumar,1996,1,,,3,
336,Basavaraj Rao,2008,1,,,2,
337,Lokesh Poojari,1989,1,,,3,
338,Muniraju Rao,1995,1,,,4,
339,Yogesh Shetty,1978,1,,,1,
340,Prakash Gowda,1972,1,,,3,
341,Yogesh Murthy,1985,1,,,5,
342,Girish Rao,1989,1,,,3,
343,Anand,2005,1,,,5,
344,Anand Kumar,1979,1,,,4,
345,Harish,2006,1,,,6,
346,Srinivas Achar,1996,1,,,4,
347,Venkatesh Patil,1985,1,,,3,
348,Raghavendra,1995,1,,,3,
349,Suresh Murthy,1999,1,,,3,
350,Manjunath,1981,1,,,6,
351,Srinivas,1982,1,,,8,
352,Anand Naik,1993,1,,,3,
353,Shivakumar Hegde,1991,1,,,2,
354,Anand Reddy,2005,1,,,2,
355,Raghavendra Hegde,2004,1,,,2,
356,Basavaraj Shetty,1999,1,,,4,
357,Yogesh Gowda,1983,1,,,4,
358,Darshan Reddy,1984,1,,,2,
359,Kiran Naik,1999,1,,,5,
360,Basavaraj,1987,1,,,9,
361,Venkatesh Murthy,1995,1,,,3,
362,Puneeth Gowda,2007,1,,,1,
363,Umesh Shetty,1998,1,,,2,
364,Venkatesh,1975,1,,,7,
365,Darshan Achar,1981,1,,,3,
366,Harish Swamy,1973,1,,,1,
367,Harish Kumar,1987,1,,,4,
368,Manjunath,1984,1,,,6,
369,Srinivas Murthy,1978,1,,,4,
370,Darshan,2001,1,,,7,
371,Suresh Patil,1982,1,,,2,
372,Anand Murthy,1982,1,,,2,
373,Basavaraj Hegde,1994,1,,,5,
374,Lokesh Murthy,1998,1,,,4,
375,Anand Kumar,1996,1,,,9,
376,Girish Reddy,1981,1,,,1,
377,Raghavendra Shetty,1988,1,,,4,
378,Kiran Hegde,1981,1,,,2,
379,Nagaraj Reddy,1994,1,,,1,
380,Manjunath,1999,1,,,7,
381,Raghavendra Hegde,1993,1,,,6,
382,Suresh Rao,1983,1,,,5,
383,Kiran Naik,1979,1,,,3,
384,Ramesh Achar,1994,1,,,2,
385,Shivakumar Poojari,1985,1,,,4,
386,Yogesh Patil,1995,1,,,6,
387,Shivakumar Naik,1991,1,,,3,
388,Prakash Hegde,2003,1,,,4,
389,Nagaraj Kumar,1998,1,,,2,
390,Basavaraj Rao,1991,1,,,1,
391,Puneeth,1984,1,,,6,
392,Kiran Achar,1982,1,,,6,
393,Suresh Murthy,1971,1,,,1,
394,Mahesh Reddy,1984,1,,,3,
395,Nagaraj Swamy,1985,1,,,6,
396,Kiran Poojari,1986,1,,,5,
397,Prakash Hegde,1974,1,,,3,
398,Basavaraj Poojari,1982,1,,,1,
399,Raghavendra Kumar,1990,1,,,2,
400,Mahesh Shetty,2006,1,,,1,
401,Harish Naik,1978,1,,,4,
402,Harish Kumar,1996,1,,,4,
403,Harish Reddy,1976,1,,,6,
404,Harish Shetty,1999,1,,,4,
405,Girish Naik,1980,1,,,5,
406,Puneeth Shetty,1985,1,,,4,
407,Anand Patil,1973,1,,,1,
408,Girish Gowda,1993,1,,,5,
409,Umesh Rao,1998,1,,,4,
410,Santosh Naik,1973,1,,,1,
411,Girish Gowda,1986,1,,,2,
412,Harish Reddy,1995,1,,,8,
413,Umesh Murthy,1982,1,,,2,
414,Nagaraj Patil,2001,1,,,2,
415,Puneeth Patil,1980,1,,,3,
416,Raghavendra Kumar,1999,1,,,4,
417,Chandrashekar Shetty,1992,1,,,2,
418,Harish Swamy,1988,1,,,5,
419,Ramesh Murthy,1978,1,,,4,
420,Srinivas Reddy,1984,1,,,2,
421,Girish Naik,1996,1,,,5,
422,Shivakumar Gowda,1990,1,,,3,
423,Anand Gowda,1999,1,,,3,
424,Lokesh Achar,1999,1,,,5,
425,Darshan Hegde,1980,1,,,2,
426,Suresh Achar,1987,1,,,3,
427,Kiran Patil,1987,1,,,4,
428,Venkatesh Naik,1984,1,,,2,
429,Prakash Gowda,2004,1,,,2,
430,Venkatesh Shetty,1989,1,,,2,
431,Mahesh Swamy,2005,1,,,3,
432,Umesh,1988,1,,,3,
433,Chandrashekar Shetty,2002,1,,,4,
434,Manjunath Swamy,1980,1,,,2,
435,Umesh Patil,1984,1,,,4,
436,Suresh Naik,1988,1,,,1,
437,Puneeth Kumar,1980,1,,,2,
438,Girish Murthy,2001,1,,,4,
439,Suresh Shetty,2000,1,,,2,
440,Srinivas Rao,1978,1,,,3,
441,Harish Shetty,1992,1,,,4,
442,Raghavendra Poojari,2001,1,,,3,
443,Raghavendra Rao,1992,1,,,3,
444,Muniraju Murthy,1990,1,,,3,
445,Mahesh Naik,1984,1,,,2,
446,Darshan,1975,1,,,8,
447,Prakash Kumar,2003,1,,,2,
448,Krishnappa Reddy,2004,1,,,1,
449,Chandrashekar Poojari,1999,1,,,6,
450,Lokesh Hegde,1981,1,,,2,
451,Prakash Patil,1997,1,,,3,
452,Lokesh,1996,1,,,8,
453,Umesh Achar,1981,1,,,3,
454,Kiran,1972,1,,,3,
455,Ramesh Shetty,1980,1,,,3,
456,Srinivas Patil,1976,1,,,2,
457,Santosh Hegde,1991,1,,,2,
458,Basavaraj Patil,1982,1,,,3,
459,Srinivas Kumar,1985,1,,,5,
460,Muniraju Gowda,1978,1,,,8,
461,Puneeth,1993,1,,,8,
462,Girish Patil,1978,1,,,8,
463,Yogesh Swamy,1999,1,,,3,
464,Prakash Patil,1977,1,,,4,
465,Darshan Murthy,2002,1,,,4,
466,Suresh Swamy,2006,1,,,4,
467,Darshan Achar,1993,1,,,1,
468,Puneeth Poojari,2000,1,,,2,
469,Venkatesh Hegde,1988,1,,,2,
470,Darshan Murthy,1996,1,,,6,
471,Chandrashekar Naik,1986,1,,,4,
472,Krishnappa Gowda,1998,1,,,4,
473,Darshan Rao,1990,1,,,4,
474,Nagaraj Murthy,1989,1,,,3,
475,Manjunath Rao,2002,1,,,2,
476,Srinivas Reddy,2004,1,,,2,
477,Darshan Gowda,1988,1,,,6,
478,Santosh Poojari,1994,1,,,2,
479,Darshan Patil,1991,1,,,4,
480,Srinivas Gowda,1994,1,,,6,
481,Mahesh Swamy,1998,1,,,9,
482,Raghavendra Achar,1991,1,,,3,
483,Umesh Achar,2003,1,,,3,
484,Basavaraj Poojari,1989,1,,,3,
485,Puneeth Naik,1981,1,,,3,
486,Darshan Kumar,1992,1,,,2,
487,Mahesh Murthy,2001,1,,,2,
488,Puneeth Murthy,1981,1,,,5,
489,Ramesh Murthy,1993,1,,,3,
490,Puneeth Murthy,1990,1,,,2,
491,Harish Swamy,1992,1,,,4,
492,Shivakumar Reddy,1974,1,,,2,
493,Santosh Shetty,1977,1,,,4,
494,Venkatesh Gowda,1992,1,,,2,
495,Santosh Shetty,2004,1,,,1,
496,Girish Murthy,1997,1,,,3,
497,Suresh Rao,2007,1,,,1,
498,Srinivas Reddy,1992,1,,,4,
499,Harish Hegde,1972,1,,,1,
500,Basavaraj Kumar,1983,1,,,2,
501,Girish Reddy,2000,1,,,2,
502,Puneeth Patil,1998,1,,,4,
503,Ramesh Reddy,1990,1,,,2,
504,Prakash Murthy,1975,1,,,4,
505,Raghavendra Poojari,1990,1,,,2,
506,Basavaraj Hegde,1974,1,,,2,
507,Manjunath Swamy,1975,1,,,3,
508,Manjunath Achar,1988,1,,,5,
509,Harish Achar,1977,1,,,1,
510,Kiran Poojari,1975,1,,,2,
511,Basavaraj Achar,1978,1,,,3,
512,Shivakumar Achar,2001,1,,,4,
513,Basavaraj,2002,1,,,3,
514,Basavaraj Reddy,1997,1,,,3,
515,Muniraju Murthy,2001,1,,,4,
516,Srinivas Swamy,1985,1,,,3,
517,Santosh Kumar,1987,1,,,4,
518,Umesh Naik,2005,1,,,3,
519,Umesh Reddy,1980,1,,,6,
520,Krishnappa Naik,1997,1,,,4,
521,Yogesh Naik,1979,1,,,5,
522,Umesh Reddy,1985,1,,,3,
523,Venkatesh Patil,1980,1,,,3,
524,Raghavendra Kumar,2008,1,,,2,
525,Mahesh Poojari,1974,1,,,3,
526,Venkatesh Reddy,1997,1,,,3,
527,Prakash Swamy,2001,1,,,3,
528,Manjunath Achar,1996,1,,,5,
529,Nagaraj Swamy,1990,1,,,5,
530,Manjunath Patil,1988,1,,,3,
531,Muniraju Kumar,2002,1,,,5,
532,Basavaraj Naik,1973,1,,,2,
533,Krishnappa Poojari,1981,1,,,6,
534,Lokesh Patil,1984,1,,,2,
535,Lokesh Murthy,1982,1,,,2,
536,Raghavendra Swamy,2002,1,,,4,
537,Srinivas Achar,1978,1,,,3,
538,Girish Poojari,2000,1,,,3,
539,Mahesh Hegde,1976,1,,,1,
540,Harish Poojari,2003,1,,,3,
541,Chandrashekar Gowda,1998,1,,,2,
542,Basavaraj Shetty,1993,1,,,3,
543,Mahesh Rao,1998,1,,,2,
544,Srinivas Rao,1986,1,,,2,
545,Umesh Swamy,1985,1,,,3,
546,Shivakumar Poojari,2006,1,,,2,
547,Yogesh Hegde,1974,1,,,7,
548,Manjunath Swamy,2002,1,,,1,
549,Shivakumar Murthy,1990,1,,,5,
550,Srinivas Swamy,1983,1,,,1,
551,Kiran Kumar,1987,1,,,2,
552,Anand Patil,2002,1,,,3,
553,Srinivas Murthy,1993,1,,,3,
554,Mahesh Rao,1978,1,,,4,
555,Yogesh Patil,1982,1,,,6,
556,Shivakumar Hegde,1995,1,,,3,
557,Manjunath Naik,1998,1,,,3,
558,Chandrashekar Rao,1983,1,,,4,
559,Santosh Murthy,1976,1,,,3,
560,Venkatesh Rao,1994,1,,,3,
561,Puneeth Achar,2007,1,,,1,
562,Harish Naik,1976,1,,,4,
563,Nagaraj Reddy,1978,1,,,3,
564,Nagaraj Naik,2002,1,,,2,
565,Basavaraj Patil,1974,1,,,2,
566,Darshan Gowda,2002,1,,,6,
567,Krishnappa Achar,1999,1,,,4,
568,Harish,2003,1,,,8,
569,Mahesh Gowda,1999,1,,,3,
570,Harish Poojari,1992,1,,,2,
571,Suresh,1991,1,,,3,
572,Santosh Hegde,1985,1,,,3,
573,Ramesh Swamy,1976,1,,,2,
574,Mahesh Patil,1981,1,,,4,
575,Santosh Hegde,1995,1,,,2,
576,Srinivas Patil,1982,1,,,2,
577,Raghavendra Gowda,1990,1,,,5,
578,Kiran Murthy,1990,1,,,6,
579,Raghavendra Gowda,1998,1,,,2,
580,Mahesh Patil,1972,1,,,1,
581,Prakash Reddy,1993,1,,,3,
582,Muniraju Rao,1976,1,,,6,
583,Darshan Poojari,1971,1,,,1,
584,Anand Murthy,1973,1,,,1,
585,Puneeth Naik,1984,1,,,4,
586,Kiran Achar,1990,1,,,2,
587,Ramesh Achar,1977,1,,,4,
588,Harish Rao,1984,1,,,2,
589,Prakash Swamy,1989,1,,,3,
590,Kiran Swamy,1974,1,,,2,
591,Shivakumar Gowda,1986,1,,,3,
592,Chandrashekar Patil,1988,1,,,2,
593,Harish Gowda,1988,1,,,4,
594,Puneeth Poojari,1976,1,,,4,
595,Ramesh,2001,1,,,7,
596,Srinivas Shetty,1988,1,,,4,
597,Nagaraj Hegde,1990,1,,,1,
598,Venkatesh Reddy,2003,1,,,4,
599,Mahesh Rao,1993,1,,,7,
600,Lokesh Poojari,1982,1,,,4,
601,Venkatesh Swamy,1987,1,,,2,
602,Basavaraj Gowda,1981,1,,,3,
603,Basavaraj Achar,1987,1,,,5,
604,Harish Hegde,1983,1,,,3,
605,Harish Naik,1983,1,,,4,
606,Nagaraj Shetty,1972,1,,,2,
607,Krishnappa Hegde,1994,1,,,3,
608,Santosh Reddy,1975,1,,,3,
609,Santosh Kumar,1980,1,,,2,
610,Puneeth Achar,1975,1,,,3,
611,Mahesh Gowda,1984,1,,,3,
612,Prakash Hegde,1986,1,,,2,
613,Manjunath Rao,1996,1,,,4,
614,Darshan Shetty,1989,1,,,2,
615,Mahesh Achar,1990,1,,,4,
616,Prakash Reddy,1976,1,,,5,
617,Ramesh Hegde,1992,1,,,1,
618,Manjunath Gowda,1982,1,,,2,
619,Anand Swamy,1998,1,,,4,
620,Raghavendra Naik,1984,1,,,4,
621,Anand Naik,1985,1,,,1,
622,Nagaraj Naik,1984,1,,,2,
623,Anand Swamy,1982,1,,,3,
624,Shivakumar Rao,1996,1,,,3,
625,Nagaraj Achar,1986,1,,,4,
626,Yogesh Rao,2000,1,,,6,
627,Muniraju Naik,1976,1,,,3,
628,Manjunath Poojari,1995,1,,,5,
629,Kiran Kumar,2006,1,,,3,
630,Srinivas Kumar,1995,1,,,4,
631,Krishnappa,2002,1,,,8,
632,Lokesh Naik,1987,1,,,6,
633,Muniraju Shetty,1981,1,,,3,
634,Kiran Rao,1992,1,,,3,
635,Chandrashekar Patil,1984,1,,,3,
636,Puneeth Naik,1991,1,,,2,
637,Suresh Reddy,1976,1,,,2,
638,Ramesh Poojari,1983,1,,,3,
639,Muniraju Shetty,1988,1,,,3,
640,Chandrashekar Swamy,1976,1,,,6,
641,Darshan Naik,2007,1,,,2,
642,Basavaraj Achar,1982,1,,,2,
643,Krishnappa Hegde,1972,1,,,2,
644,Harish Patil,1984,1,,,3,
645,Mahesh Achar,1986,1,,,2,
646,Prakash Kumar,1978,1,,,2,
647,Puneeth Rao,1978,1,,,1,
648,Umesh Murthy,1976,1,,,4,
649,Krishnappa Gowda,1993,1,,,4,
650,Krishnappa Swamy,1989,1,,,3,
651,Ramesh Reddy,2005,1,,,1,
652,Darshan Reddy,1976,1,,,2,
653,Muniraju Hegde,1974,1,,,3,
654,Santosh Naik,2002,1,,,6,
655,Darshan Kumar,1996,1,,,3,
656,Santosh Murthy,1988,1,,,2,
657,Krishnappa,1978,1,,,7,
658,Yogesh Hegde,1982,1,,,4,
659,Chandrashekar Reddy,1982,1,,,2,
660,Umesh Poojari,2000,1,,,5,
661,Basavaraj Swamy,1994,1,,,2,
662,Chandrashekar Naik,1992,1,,,2,
663,Basavaraj Achar,1974,1,,,2,
664,Umesh Naik,1985,1,,,2,
665,Harish Murthy,1981,1,,,2,
666,Shivakumar Kumar,1997,1,,,1,
667,Santosh Poojari,1975,1,,,3,
668,Santosh Rao,1987,1,,,5,
669,Manjunath Achar,2001,1,,,4,
670,Venkatesh Murthy,2004,1,,,1,
671,Manjunath Kumar,1977,1,,,3,
672,Yogesh Patil,1976,1,,,3,
673,Darshan Gowda,1975,1,,,3,
674,Anand Murthy,2004,1,,,2,
675,Santosh Swamy,1973,1,,,2,
676,Raghavendra Reddy,1990,1,,,4,
677,Anand Murthy,2000,1,,,2,
678,Srinivas Reddy,1975,1,,,3,
679,Puneeth Hegde,1984,1,,,2,
680,Darshan Naik,1973,1,,,3,
681,Krishnappa Patil,1990,1,,,3,
682,Girish Hegde,1992,1,,,1,
683,Darshan Naik,1981,1,,,1,
684,Suresh Swamy,1982,1,,,5,
685,Muniraju Kumar,1986,1,,,4,
686,Srinivas Murthy,1987,1,,,6,
687,Anand Murthy,1975,1,,,6,
688,Mahesh Achar,1996,1,,,3,
689,Basavaraj Hegde,2002,1,,,4,
690,Manjunath Reddy,2006,1,,,2,
691,Venkatesh Murthy,1983,1,,,6,
692,Shivakumar Poojari,1991,1,,,1,
693,Girish Achar,1988,1,,,2,
694,Raghavendra Reddy,1981,1,,,3,
695,Umesh Achar,1989,1,,,3,
696,Girish Achar,1992,1,,,4,
697,Nagaraj Naik,1990,1,,,2,
698,Ramesh Reddy,1995,1,,,3,
699,Shivakumar Swamy,1988,1,,,2,
700,Suresh Hegde,1975,1,,,2,
701,Venkatesh Shetty,1983,1,,,1,
702,Chandrashekar Hegde,1978,1,,,1,
703,Raghavendra Reddy,2001,1,,,4,
704,Girish Hegde,1975,1,,,5,
705,Venkatesh Shetty,1973,1,,,3,
706,Basavaraj Gowda,1973,1,,,3,
707,Santosh Kumar,1977,1,,,3,
708,Krishnappa Rao,1985,1,,,1,
709,Krishnappa Naik,1981,1,,,3,
710,Shivakumar Hegde,2005,1,,,2,
711,Ramesh Naik,2001,1,,,2,
712,Santosh Reddy,1993,1,,,3,
713,Nagaraj,2005,1,,,3,
714,Chandrashekar Reddy,2006,1,,,3,
715,Girish Shetty,1984,1,,,8,
716,Anand Reddy,2002,1,,,1,
717,Yogesh Naik,1982,1,,,2,
718,Muniraju Naik,1981,1,,,3,
719,Anand Achar,2002,1,,,4,
720,Prakash Achar,1974,1,,,2,
721,Girish Gowda,1982,1,,,1,
722,Santosh Patil,1990,1,,,3,
723,Kiran Reddy,1988,1,,,3,
724,Basavaraj Swamy,1982,1,,,3,
725,Girish Patil,1988,1,,,3,
726,Suresh Patil,1987,1,,,1,
727,Venkatesh Patil,1976,1,,,3,
728,Chandrashekar Kumar,1998,1,,,1,
729,Santosh Poojari,1986,1,,,1,
730,Chandrashekar Rao,1974,1,,,3,
731,Harish Naik,2002,1,,,2,
732,Darshan,1999,1,,,7,
733,Suresh Naik,1982,1,,,4,
734,Harish Murthy,1975,1,,,5,
735,Venkatesh,1977,1,,,5,
736,Darshan Gowda,1999,1,,,5,
737,Santosh Kumar,1994,1,,,4,
738,Umesh Gowda,2006,1,,,2,
739,Muniraju Reddy,2005,1,,,7,
740,Raghavendra Swamy,1983,1,,,4,
741,Santosh Achar,1988,1,,,2,
742,Muniraju Poojari,1978,1,,,3,
743,Lokesh Kumar,1988,1,,,1,
744,Krishnappa Murthy,2002,1,,,2,
745,Mahesh Hegde,1997,1,,,2,
746,Harish Hegde,1994,1,,,4,
747,Prakash Murthy,1988,1,,,2,
748,Prakash Naik,1994,1,,,3,
749,Basavaraj Kumar,2003,1,,,2,
750,Santosh Shetty,1997,1,,,3,
751,Chandrashekar Swamy,1984,1,,,7,
752,Darshan Reddy,2004,1,,,3,
753,Venkatesh Swamy,1996,1,,,4,
754,Umesh Hegde,1987,1,,,5,
755,Mahesh Reddy,1994,1,,,6,
756,Shivakumar Hegde,1985,1,,,3,
757,Nagaraj Reddy,2004,1,,,2,
758,Girish Gowda,1978,1,,,1,
759,Suresh Swamy,2001,1,,,2,
760,Umesh Hegde,1982,1,,,3,
761,Kiran Patil,1980,1,,,3,
762,Venkatesh Gowda,1995,1,,,1,
763,Anand Hegde,1987,1,,,2,
764,Anand Kumar,1976,1,,,1,
765,Suresh Swamy,1976,1,,,2,
766,Lokesh Hegde,2000,1,,,2,
767,Darshan Swamy,1997,1,,,2,
768,Harish Gowda,1994,1,,,4,
769,Kiran Poojari,1994,1,,,2,
770,Shivakumar Gowda,1997,1,,,2,
771,Chandrashekar Gowda,2002,1,,,4,
772,Muniraju Achar,1985,1,,,3,
773,Shivakumar Rao,1984,1,,,2,
774,Prakash Hegde,1981,1,,,1,
775,Suresh Poojari,1986,1,,,2,
776,Girish Hegde,1980,1,,,5,
777,Harish Shetty,1971,1,,,1,
778,Raghavendra Naik,1997,1,,,3,
779,Srinivas Gowda,1992,1,,,3,
780,Prakash Gowda,1987,1,,,3,
781,Mahesh Shetty,2001,1,,,5,
782,Raghavendra Rao,1986,1,,,2,
783,Basavaraj Rao,1980,1,,,5,
784,Anand Rao,1988,1,,,2,
785,Nagaraj Rao,1990,1,,,1,
786,Muniraju Swamy,2002,1,,,2,
787,Umesh Rao,1986,1,,,1,
788,Girish Shetty,2002,1,,,3,
789,Darshan Murthy,1983,1,,,3,
790,Basavaraj Hegde,1971,1,,,1,
791,Srinivas Rao,2000,1,,,3,
792,Raghavendra Achar,1983,1,,,1,
793,Anand Shetty,1976,1,,,2,
794,Lokesh Murthy,2004,1,,,4,
795,Ramesh Swamy,2002,1,,,3,
796,Suresh Rao,1974,1,,,2,
797,Raghavendra Naik,1979,1,,,2,
798,Umesh Rao,1993,1,,,4,
799,Kiran Gowda,2000,1,,,3,
800,Venkatesh Hegde,2000,1,,,2,
801,Kiran Achar,1978,1,,,4,
802,Anand Gowda,1976,1,,,2,
803,Nagaraj Swamy,1997,1,,,4,
804,Raghavendra Shetty,1994,1,,,3,
805,Shivakumar Achar,1982,1,,,2,
806,Suresh Swamy,1997,1,,,4,
807,Darshan Rao,1996,1,,,2,
808,Yogesh Poojari,1996,1,,,3,
809,Anand Murthy,1986,1,,,4,
810,Mahesh Poojari,1993,1,,,3,
811,Krishnappa Kumar,1985,1,,,3,
812,Lokesh Reddy,1987,1,,,2,
813,Ramesh Patil,1981,1,,,4,
814,Umesh Kumar,2002,1,,,2,
815,Harish Naik,1992,1,,,5,
816,Mahesh Gowda,1990,1,,,2,
817,Prakash Gowda,1992,1,,,2,
818,Santosh Achar,2006,1,,,1,
819,Manjunath Murthy,1984,1,,,4,
820,Nagaraj Patil,1975,1,,,5,
821,Raghavendra Murthy,1977,1,,,4,
822,Darshan Poojari,1982,1,,,2,
823,Girish Reddy,1993,1,,,3,
824,Darshan Patil,1978,1,,,4,
825,Krishnappa Poojari,1977,1,,,4,
826,Nagaraj Rao,1980,1,,,3,
827,Shivakumar Shetty,1981,1,,,5,
828,Umesh Rao,1974,1,,,2,
829,Nagaraj Kumar,2004,1,,,3,
830,Chandrashekar Reddy,1972,1,,,2,
831,Suresh Kumar,1993,1,,,3,
832,Shivakumar Reddy,1984,1,,,2,
833,Manjunath Patil,1992,1,,,2,
834,Umesh Poojari,1984,1,,,2,
835,Lokesh Naik,1981,1,,,3,
836,Nagaraj Naik,1993,1,,,1,
837,Yogesh Poojari,1985,1,,,1,
838,Girish Poojari,1986,1,,,2,
839,Venkatesh Kumar,1979,1,,,2,
840,Basavaraj Naik,1992,1,,,6,
841,Muniraju Kumar,2004,1,,,2,
842,Lokesh Reddy,1982,1,,,4,
843,Ramesh Rao,1988,1,,,2,
844,Kiran Kumar,1977,1,,,5,
845,Yogesh Gowda,1977,1,,,5,
846,Manjunath Poojari,1976,1,,,2,
847,Umesh Hegde,2008,1,,,1,
848,Muniraju Patil,1986,1,,,1,
849,Puneeth Murthy,1986,1,,,3,
850,Basavaraj Rao,1984,1,,,1,
851,Krishnappa Swamy,2002,1,,,4,
852,Shivakumar Patil,1975,1,,,4,
853,Puneeth Kumar,2004,1,,,2,
854,Darshan Reddy,1994,1,,,4,
855,Anand Rao,1977,1,,,2,
856,Anand Reddy,1984,1,,,2,
857,Manjunath Rao,1974,1,,,2,
858,Anand Shetty,1988,1,,,3,
859,Srinivas Kumar,1990,1,,,2,
860,Harish Swamy,2007,1,,,3,
861,Girish Swamy,1993,1,,,1,
862,Krishnappa Murthy,1978,1,,,2,
863,Lokesh Swamy,2007,1,,,1,
864,Santosh Patil,2004,1,,,1,
865,Raghavendra Murthy,1987,1,,,3,
866,Manjunath Patil,1979,1,,,1,
867,Lokesh Swamy,1973,1,,,2,
868,Harish Hegde,2004,1,,,3,
869,Umesh Kumar,1992,1,,,2,
870,Raghavendra Achar,2005,1,,,2,
871,Manjunath Murthy,2004,1,,,3,
872,Basavaraj Murthy,2002,1,,,2,
873,Lokesh Hegde,2004,1,,,2,
874,Kiran Shetty,1991,1,,,5,
875,Venkatesh Swamy,2004,1,,,2,
876,Raghavendra Poojari,1976,1,,,4,
877,Ramesh Gowda,2002,1,,,2,
878,Manjunath Gowda,2000,1,,,2,
879,Yogesh Hegde,1978,1,,,2,
880,Kiran Naik,1972,1,,,2,
881,Basavaraj Gowda,1996,1,,,2,
882,Prakash Shetty,2000,1,,,3,
883,Venkatesh Kumar,1986,1,,,3,
884,Manjunath Shetty,1993,1,,,3,
885,Basavaraj Murthy,1998,1,,,2,
886,Ramesh Naik,1986,1,,,2,
887,Muniraju Swamy,1992,1,,,3,
888,Basavaraj Gowda,1976,1,,,1,
889,Yogesh Kumar,1996,1,,,2,
890,Puneeth Hegde,2007,1,,,1,
891,Muniraju Achar,1981,1,,,1,
892,Mahesh Rao,1990,1,,,1,
893,Manjunath Murthy,1979,1,,,3,
894,Muniraju Achar,1996,1,,,2,
895,Manjunath Shetty,1982,1,,,2,
896,Chandrashekar Naik,2006,1,,,2,
897,Umesh Patil,1975,1,,,1,
898,Girish Shetty,1980,1,,,3,
899,Krishnappa Gowda,1984,1,,,2,
900,Umesh Kumar,1987,1,,,3,
901,Manjunath Gowda,1987,1,,,3,
902,Manjunath Poojari,1985,1,,,3,
903,Girish Shetty,1992,1,,,2,
904,Nagaraj Rao,1998,1,,,1,
905,Girish Swamy,2008,1,,,1,
906,Chandrashekar Kumar,1988,1,,,3,
907,Srinivas Achar,1987,1,,,3,
908,Suresh Gowda,1988,1,,,1,
909,Darshan Patil,1984,1,,,2,
910,Manjunath Murthy,1973,1,,,1,
911,Anand Gowda,1984,1,,,3,
912,Ramesh Poojari,1995,1,,,3,
913,Ramesh Patil,1985,1,,,4,
914,Raghavendra Achar,1980,1,,,3,
915,Puneeth Gowda,1989,1,,,3,
916,Girish Patil,1992,1,,,2,
917,Suresh Reddy,1994,1,,,1,
918,Umesh Reddy,2001,1,,,5,
919,Manjunath Patil,1972,1,,,2,
920,Manjunath Patil,1982,1,,,2,
921,Santosh Rao,1978,1,,,3,
922,Darshan Swamy,1993,1,,,3,
923,Venkatesh Poojari,1984,1,,,3,
924,Santosh Poojari,1982,1,,,3,
925,Ramesh Kumar,2004,1,,,2,
926,Ramesh Swamy,1999,1,,,2,
927,Shivakumar Rao,1993,1,,,3,
928,Mahesh Shetty,1974,1,,,2,
929,Chandrashekar Rao,1998,1,,,2,
930,Santosh Achar,2000,1,,,7,
931,Manjunath Hegde,1991,1,,,3,
932,Girish Naik,2001,1,,,3,
933,Girish Murthy,1989,1,,,3,
934,Srinivas Hegde,1989,1,,,3,
935,Anand Patil,1993,1,,,2,
936,Ramesh Rao,1976,1,,,1,
937,Krishnappa Kumar,1980,1,,,6,
938,Lokesh Poojari,2001,1,,,5,
939,Krishnappa Gowda,1989,1,,,4,
940,Chandrashekar Reddy,2000,1,,,2,
941,Nagaraj Shetty,1990,1,,,6,
942,Shivakumar Rao,1978,1,,,4,
943,Umesh Kumar,1984,1,,,2,
944,Krishnappa Reddy,1971,1,,,1,
945,Kiran Gowda,1994,1,,,2,
946,Harish Patil,1992,1,,,2,
947,Shivakumar Gowda,2000,1,,,2,
948,Basavaraj Hegde,1999,1,,,4,
949,Nagaraj Gowda,2000,1,,,2,
950,Santosh Reddy,1982,1,,,4,
951,Umesh Patil,2004,1,,,2,
952,Manjunath Kumar,1994,1,,,4,
953,Suresh Rao,1978,1,,,2,
954,Umesh Murthy,1992,1,,,2,
955,Manjunath Kumar,1986,1,,,2,
956,Kiran Murthy,1986,1,,,2,
957,Venkatesh Hegde,1980,1,,,3,
958,Muniraju Hegde,1989,1,,,3,
959,Lokesh Naik,2000,1,,,4,
960,Chandrashekar Patil,2008,1,,,2,
961,Santosh Gowda,1977,1,,,4,
962,Mahesh Shetty,1979,1,,,2,
963,Manjunath Swamy,1984,1,,,4,
964,Prakash Patil,1999,1,,,5,
965,Ramesh Kumar,1972,1,,,2,
966,Kiran Shetty,1996,1,,,3,
967,Lokesh Kumar,2001,1,,,4,
968,Santosh Hegde,2002,1,,,4,
969,Suresh Swamy,1987,1,,,4,
970,Lokesh Rao,1993,1,,,2,
971,Girish Swamy,2004,1,,,2,
972,Shivakumar Hegde,2002,1,,,3,
973,Raghavendra Shetty,2002,1,,,3,
974,Ramesh Hegde,1978,1,,,3,
975,Shivakumar Gowda,1975,1,,,2,
976,Santosh Naik,1981,1,,,3,
977,Lokesh Achar,1994,1,,,3,
978,Manjunath Gowda,1978,1,,,2,
979,Lokesh Patil,1987,1,,,1,
980,Krishnappa Achar,1974,1,,,2,
981,Raghavendra Achar,1986,1,,,2,
982,Mahesh Patil,1989,1,,,4,
983,Yogesh Murthy,1998,1,,,2,
984,Prakash Shetty,1983,1,,,3,
985,Ramesh Gowda,1990,1,,,3,
986,Ramesh Kumar,1990,1,,,2,
987,Chandrashekar Swamy,2001,1,,,6,
988,Ramesh Achar,1985,1,,,5,
989,Krishnappa Achar,2002,1,,,1,
990,Chandrashekar Murthy,1989,1,,,3,
991,Suresh Shetty,1983,1,,,3,
992,Krishnappa Swamy,1972,1,,,2,
993,Mahesh Murthy,1990,1,,,2,
994,Lokesh Gowda,1978,1,,,3,
995,Chandrashekar Swamy,1979,1,,,1,
996,Umesh Swamy,1989,1,,,3,
997,Harish Hegde,2007,1,,,1,
998,Lokesh Swamy,1993,1,,,5,
999,Krishnappa Rao,1990,1,,,3,
1000,Yogesh Murthy,1979,1,,,1,
1001,Umesh Shetty,1992,1,,,4,
1002,Raghavendra Naik,2003,1,,,3,
1003,Raghavendra Patil,1996,1,,,2,
1004,Suresh Gowda,1976,1,,,3,
1005,Basavaraj Shetty,1978,1,,,3,
1006,Manjunath Rao,1979,1,,,3,
1007,Lokesh Murthy,1988,1,,,1,
1008,Venkatesh Kumar,1974,1,,,2,
1009,Krishnappa Kumar,1987,1,,,1,
1010,Umesh Gowda,1981,1,,,4,
1011,Muniraju Achar,2008,1,,,1,
1012,Santosh Swamy,2006,1,,,2,
1013,Muniraju Poojari,1975,1,,,1,
1014,Lokesh Patil,1996,1,,,2,
1015,Shivakumar Swamy,1999,1,,,2,
1016,Chandrashekar Hegde,1995,1,,,1,
1017,Santosh Patil,1995,1,,,1,
1018,Puneeth Gowda,1993,1,,,1,
1019,Muniraju Achar,2003,1,,,3,
1020,Venkatesh Reddy,1975,1,,,1,
1021,Anand Shetty,2002,1,,,1,
1022,Shivakumar Patil,1985,1,,,2,
1023,Muniraju Murthy,1984,1,,,3,
1024,Lokesh Rao,2000,1,,,5,
1025,Harish Kumar,1979,1,,,3,
1026,Chandrashekar Gowda,1992,1,,,2,
1027,Srinivas,2006,1,,,3,
1028,Puneeth Hegde,1997,1,,,2,
1029,Suresh Hegde,1988,1,,,2,
1030,Yogesh Swamy,1992,1,,,1,
1031,Venkatesh Gowda,1982,1,,,2,
1032,Kiran Poojari,1981,1,,,3,
1033,Suresh Patil,1992,1,,,5,
1034,Darshan Murthy,1972,1,,,2,
1035,Basavaraj Achar,2002,1,,,2,
1036,Yogesh Shetty,1985,1,,,1,
1037,Prakash Murthy,1998,1,,,4,
1038,Chandrashekar Reddy,1996,1,,,4,
1039,Mahesh Hegde,1982,1,,,2,
1040,Lokesh Rao,1978,1,,,3,
1041,Krishnappa Murthy,1974,1,,,2,
1042,Suresh Murthy,1976,1,,,2,
1043,Shivakumar Kumar,1982,1,,,5,
1044,Chandrashekar Achar,1977,1,,,3,
1045,Suresh Shetty,2006,1,,,1,
1046,Lokesh Kumar,1984,1,,,1,
1047,Harish Kumar,1982,1,,,5,
1048,Harish Poojari,1984,1,,,2,
1049,Srinivas Naik,1982,1,,,1,
1050,Lokesh Poojari,2006,1,,,1,
1051,Shivakumar Murthy,1975,1,,,1,
1052,Krishnappa Gowda,2001,1,,,1,
1053,Puneeth Murthy,1976,1,,,1,
1054,Lokesh Rao,1996,1,,,3,
1055,Girish Hegde,1998,1,,,2,
1056,Puneeth Patil,1986,1,,,2,
1057,Manjunath Kumar,2002,1,,,4,
1058,Chandrashekar Patil,1998,1,,,2,
1059,Umesh Naik,1996,1,,,4,
1060,Suresh Naik,1993,1,,,4,
1061,Harish Patil,1974,1,,,2,
1062,Yogesh Kumar,1984,1,,,2,
1063,Puneeth Naik,2005,1,,,4,
1064,Anand Swamy,2005,1,,,3,
1065,Nagaraj Swamy,2006,1,,,2,
1066,Mahesh Achar,1993,1,,,1,
1067,Krishnappa Poojari,2004,1,,,1,
1068,Umesh Shetty,1972,1,,,3,
1069,Suresh Naik,1996,1,,,2,
1070,Darshan Reddy,1990,1,,,2,
1071,Krishnappa Patil,2002,1,,,3,
1072,Krishnappa Kumar,2000,1,,,1,
1073,Mahesh Gowda,1976,1,,,2,
1074,Srinivas Hegde,2003,1,,,3,
1075,Chandrashekar Kumar,1976,1,,,2,
1076,Shivakumar Naik,1980,1,,,2,
1077,Nagaraj Patil,1984,1,,,1,
1078,Basavaraj Kumar,1976,1,,,1,
1079,Santosh Achar,1984,1,,,3,
1080,Umesh Achar,1999,1,,,2,
1081,Chandrashekar Murthy,1976,1,,,2,
1082,Ramesh Reddy,1976,1,,,1,
1083,Srinivas Shetty,1984,1,,,3,
1084,Puneeth Reddy,1993,1,,,3,
1085,Muniraju Achar,1975,1,,,2,
1086,Puneeth Achar,1995,1,,,5,
1087,Yogesh Achar,1999,1,,,2,
1088,Darshan Murthy,1988,1,,,3,
1089,Srinivas Kumar,1998,1,,,1,
1090,Muniraju Patil,1992,1,,,2,
1091,Raghavendra Murthy,1983,1,,,4,
1092,Nagaraj Achar,1978,1,,,3,
1093,Girish Murthy,1980,1,,,3,
1094,Chandrashekar Achar,1997,1,,,2,
1095,Muniraju Gowda,1998,1,,,2,
1096,Mahesh Hegde,1972,1,,,1,
1097,Shivakumar Shetty,1988,1,,,2,
1098,Puneeth Achar,1982,1,,,2,
1099,Basavaraj Naik,1999,1,,,3,
1100,Venkatesh Shetty,2004,1,,,3,
1101,Muniraju Murthy,1974,1,,,1,
1102,Prakash Gowda,2000,1,,,2,
1103,Umesh Patil,1994,1,,,1,
1104,Chandrashekar Shetty,1982,1,,,2,
1105,Darshan Hegde,1990,1,,,2,
1106,Muniraju Hegde,1980,1,,,2,
1107,Manjunath Naik,1976,1,,,6,
1108,Ramesh Murthy,1983,1,,,2,
1109,Puneeth Rao,1996,1,,,2,
1110,Raghavendra Murthy,1993,1,,,3,
1111,Puneeth Hegde,1973,1,,,1,
1112,Chandrashekar Shetty,1977,1,,,1,
1113,Santosh Gowda,1996,1,,,5,
1114,Shivakumar Naik,1994,1,,,1,
1115,Chandrashekar Hegde,2000,1,,,3,
1116,Manjunath Poojari,1980,1,,,3,
1117,Suresh Shetty,1976,1,,,2,
1118,Chandrashekar Achar,2002,1,,,4,
1119,Srinivas Gowda,2007,1,,,1,
1120,Girish Swamy,1980,1,,,3,
1121,Shivakumar Shetty,2003,1,,,2,
1122,Anand Hegde,1981,1,,,4,
1123,Srinivas Poojari,2000,1,,,3,
1124,Darshan Swamy,1977,1,,,3,
1125,Nagaraj Swamy,1994,1,,,2,
1126,Basavaraj Gowda,2002,1,,,2,
1127,Shivakumar Achar,1998,1,,,2,
1128,Lokesh Poojari,1976,1,,,2,
1129,Harish Gowda,2006,1,,,2,
1130,Lokesh Rao,1974,1,,,2,
1131,Nagaraj Poojari,1991,1,,,3,
1132,Shivakumar Hegde,1978,1,,,2,
1133,Yogesh Gowda,2002,1,,,3,
1134,Raghavendra Naik,1987,1,,,3,
1135,Suresh Reddy,1990,1,,,1,
1136,Nagaraj Kumar,1982,1,,,2,
1137,Suresh Gowda,1998,1,,,2,
1138,Mahesh Swamy,1989,1,,,3,
1139,Kiran Hegde,1990,1,,,3,
1140,Basavaraj Naik,2004,1,,,2,
1141,Santosh Swamy,1980,1,,,2,
1142,Puneeth Achar,1985,1,,,2,
1143,Suresh Rao,2000,1,,,2,
1144,Anand Achar,1994,1,,,3,
1145,Santosh Patil,1987,1,,,4,
1146,Yogesh Rao,1995,1,,,3,
1147,Yogesh Shetty,2001,1,,,1,
1148,Basavaraj Kumar,2006,1,,,1,
1149,Umesh Hegde,1992,1,,,4,
1150,Prakash Swamy,1972,1,,,1,
1151,Venkatesh Rao,1986,1,,,2,
1152,Ramesh Rao,1995,1,,,3,
1153,Nagaraj Patil,1981,1,,,4,
1154,Nagaraj Swamy,2001,1,,,1,
1155,Venkatesh Poojari,1996,1,,,3,
1156,Venkatesh Rao,1982,1,,,2,
1157,Manjunath Murthy,1990,1,,,2,
1158,Muniraju Swamy,1996,1,,,3,
1159,Shivakumar Patil,1998,1,,,2,
1160,Santosh Swamy,1990,1,,,4,
1161,Suresh Achar,1973,1,,,1,
1162,Prakash Murthy,1992,1,,,1,
1163,Raghavendra Gowda,1984,1,,,2,
1164,Mahesh Reddy,1979,1,,,3,
1165,Darshan Patil,2004,1,,,2,
1166,Venkatesh Naik,2003,1,,,1,
1167,Srinivas Shetty,1996,1,,,3,
1168,Puneeth Reddy,1998,1,,,3,
1169,Girish Achar,1984,1,,,1,
1170,Kiran Naik,1992,1,,,5,
1171,Srinivas Rao,2003,1,,,2,
1172,Suresh Reddy,2004,1,,,2,
1173,Chandrashekar Hegde,1984,1,,,1,
1174,Mahesh Swamy,1985,1,,,2,
1175,Santosh Swamy,2002,1,,,3,
1176,Suresh Poojari,1974,1,,,1,
1177,Umesh Poojari,1987,1,,,3,
1178,Venkatesh Gowda,2003,1,,,2,
1179,Prakash Shetty,1988,1,,,4,
1180,Chandrashekar Patil,1975,1,,,1,
1181,Srinivas Patil,1986,1,,,3,
1182,Yogesh Achar,1984,1,,,2,
1183,Mahesh Reddy,1990,1,,,2,
1184,Shivakumar Naik,2002,1,,,2,
1185,Anand Achar,1978,1,,,1,
1186,Puneeth Shetty,2000,1,,,1,
1187,Suresh Kumar,1973,1,,,1,
1188,Mahesh Naik,1988,1,,,2,
1189,Ramesh Swamy,1971,1,,,1,
1190,Girish Kumar,1985,1,,,3,
1191,Kiran Naik,1984,1,,,2,
1192,Shivakumar Gowda,2004,1,,,1,
1193,Anand Gowda,1981,1,,,3,
1194,Basavaraj Swamy,1987,1,,,2,
1195,Krishnappa Reddy,2000,1,,,2,
1196,Srinivas Gowda,1976,1,,,2,
1197,Shivakumar Hegde,1982,1,,,2,
1198,Prakash Rao,1975,1,,,1,
1199,Krishnappa Hegde,1997,1,,,3,
1200,Nagaraj Swamy,1973,1,,,1,
1201,Umesh Naik,1982,1,,,2,
1202,Yogesh Murthy,1989,1,,,3,
1203,Santosh Achar,1992,1,,,2,
1204,Harish Poojari,1998,1,,,2,
1205,Suresh Poojari,1999,1,,,2,
1206,Mahesh Reddy,1975,1,,,3,
1207,Nagaraj Hegde,1978,1,,,2,
1208,Prakash Poojari,1995,1,,,3,
1209,Kiran Swamy,2000,1,,,4,
1210,Kiran Reddy,1978,1,,,3,
1211,Prakash Swamy,1981,1,,,2,
1212,Venkatesh Murthy,2001,1,,,4,
1213,Lokesh Achar,2002,1,,,3,
1214,Umesh Naik,1990,1,,,1,
1215,Chandrashekar Achar,1982,1,,,3,
1216,Anand Swamy,1993,1,,,3,
1217,Shivakumar Poojari,2002,1,,,3,
1218,Girish Patil,1997,1,,,1,
1219,Anand Patil,1996,1,,,2,
1220,Venkatesh Hegde,1974,1,,,2,
1221,Puneeth Naik,1987,1,,,2,
1222,Yogesh Hegde,1989,1,,,3,
1223,Nagaraj Shetty,1983,1,,,3,
1224,Kiran Shetty,2006,1,,,6,
1225,Raghavendra Rao,1998,1,,,1,
1226,Anand Rao,1981,1,,,1,
1227,Umesh Murthy,1999,1,,,4,
1228,Kiran Hegde,2002,1,,,5,
1229,Darshan Achar,1978,1,,,2,
1230,Prakash Murthy,1983,1,,,1,
1231,Darshan Swamy,1987,1,,,2,
1232,Yogesh Reddy,1975,1,,,1,
1233,Shivakumar Poojari,1982,1,,,3,
1234,Venkatesh Naik,1978,1,,,1,
1235,Muniraju Swamy,1981,1,,,2,
1236,Darshan Hegde,2007,1,,,1,
1237,Prakash Poojari,1987,1,,,1,
1238,Muniraju Rao,1981,1,,,2,
1239,Basavaraj Patil,2000,1,,,2,
1240,Shivakumar Murthy,1982,1,,,1,
1241,Nagaraj Swamy,1978,1,,,1,
1242,Prakash Shetty,1972,1,,,1,
1243,Ramesh Swamy,1986,1,,,2,
1244,Chandrashekar Rao,1989,1,,,3,
1245,Raghavendra Poojari,1979,1,,,2,
1246,Mahesh Murthy,1981,1,,,2,
1247,Manjunath Murthy,2007,1,,,1,
1248,Chandrashekar Gowda,1978,1,,,3,
1249,Mahesh Poojari,1996,1,,,2,
1250,Darshan Achar,2000,1,,,5,
1251,Darshan Shetty,1995,1,,,3,
1252,Santosh Murthy,2008,1,,,1,
1253,Suresh Patil,1976,1,,,1,
1254,Prakash Achar,1996,1,,,1,
1255,Chandrashekar Naik,1978,1,,,2,
1256,Ramesh Poojari,1999,1,,,4,
1257,Yogesh Poojari,1990,1,,,3,
1258,Umesh Gowda,1975,1,,,3,
1259,Suresh Patil,1998,1,,,3,
1260,Basavaraj Murthy,1990,1,,,4,
1261,Kiran Murthy,1976,1,,,1,
1262,Girish Gowda,1973,1,,,2,
1263,Darshan Poojari,1998,1,,,1,
1264,Santosh Hegde,1978,1,,,2,
1265,Suresh Achar,1983,1,,,2,
1266,Srinivas Kumar,2004,1,,,1,
1267,Raghavendra Swamy,1977,1,,,3,
1268,Kiran Poojari,1990,1,,,1,
1269,Raghavendra Shetty,1985,1,,,1,
1270,Shivakumar Kumar,1993,1,,,3,
1271,Yogesh Achar,1992,1,,,3,
1272,Shivakumar Patil,1993,1,,,1,
1273,Puneeth Hegde,1977,1,,,3,
1274,Santosh Reddy,2007,1,,,2,
1275,Harish Shetty,2002,1,,,2,
1276,Prakash Shetty,2004,1,,,1,
1277,Ramesh Rao,1984,1,,,2,
1278,Kiran Reddy,2000,1,,,2,
1279,Suresh Rao,1986,1,,,1,
1280,Krishnappa Murthy,2006,1,,,2,
1281,Santosh Shetty,1982,1,,,2,
1282,Santosh Reddy,1987,1,,,1,
1283,Shivakumar Swamy,2006,1,,,2,
1284,Harish Hegde,1998,1,,,3,
1285,Shivakumar Murthy,1986,1,,,2,
1286,Raghavendra Kumar,1977,1,,,1,
1287,Krishnappa Patil,1976,1,,,3,
1288,Srinivas Hegde,1998,1,,,2,
1289,Suresh Kumar,2004,1,,,2,
1290,Manjunath Murthy,1998,1,,,2,
1291,Prakash Naik,1976,1,,,2,
1292,Anand Patil,1976,1,,,6,
1293,Krishnappa Poojari,1993,1,,,4,
1294,Girish Hegde,2008,1,,,1,
1295,Krishnappa Patil,1978,1,,,2,
1296,Krishnappa Naik,1993,1,,,3,
1297,Shivakumar Gowda,1982,1,,,2,
1298,Raghavendra Kumar,2004,1,,,1,
1299,Mahesh Hegde,2001,1,,,2,
1300,Kiran Rao,1984,1,,,2,
1301,Mahesh Poojari,1987,1,,,2,
1302,Srinivas Naik,1996,1,,,3,
1303,Girish Kumar,1980,1,,,3,
1304,Umesh Shetty,2007,1,,,1,
1305,Kiran Swamy,1988,1,,,2,
1306,Venkatesh Naik,1997,1,,,3,
1307,Raghavendra Gowda,1974,1,,,3,
1308,Chandrashekar Swamy,1996,1,,,2,
1309,Girish Kumar,2002,1,,,2,
1310,Puneeth Poojari,1990,1,,,3,
1311,Umesh Reddy,2006,1,,,5,
1312,Anand Patil,1984,1,,,2,
1313,Girish Naik,1987,1,,,3,
1314,Santosh Poojari,1999,1,,,4,
1315,Chandrashekar Naik,1973,1,,,2,
1316,Shivakumar Murthy,1999,1,,,1,
1317,Darshan Shetty,1980,1,,,2,
1318,Srinivas Rao,1974,1,,,2,
1319,Suresh Gowda,1994,1,,,1,
1320,Umesh Murthy,2005,1,,,2,
1321,Darshan Poojari,1991,1,,,3,
1322,Darshan Naik,1977,1,,,1,
1323,Chandrashekar Hegde,2004,1,,,3,
1324,Srinivas Naik,1975,1,,,5,
1325,Puneeth Kumar,1995,1,,,1,
1326,Lokesh Poojari,1997,1,,,4,
1327,Muniraju Naik,1996,1,,,2,
1328,Lokesh Naik,1997,1,,,3,
1329,Kiran Gowda,1975,1,,,2,
1330,Raghavendra Swamy,1989,1,,,2,
1331,Basavaraj Shetty,1974,1,,,3,
1332,Shivakumar Kumar,2007,1,,,2,
1333,Krishnappa Poojari,1999,1,,,3,
1334,Muniraju Poojari,2006,1,,,3,
1335,Harish Poojari,1988,1,,,3,
1336,Santosh Swamy,1984,1,,,2,
1337,Anand Kumar,2003,1,,,1,
1338,Suresh Hegde,2006,1,,,2,
1339,Anand Hegde,1992,1,,,2,
1340,Harish Gowda,1982,1,,,2,
1341,Prakash Rao,2004,1,,,2,
1342,Harish Kumar,2000,1,,,2,
1343,Krishnappa Reddy,1995,1,,,1,
1344,Shivakumar Achar,1977,1,,,3,
1345,Ramesh Reddy,1986,1,,,2,
1346,Harish Reddy,1971,1,,,1,
1347,Raghavendra Shetty,1980,1,,,2,
1348,Suresh Kumar,2008,1,,,1,
1349,Raghavendra Rao,1981,1,,,2,
1350,Mahesh Patil,1979,1,,,2,
1351,Manjunath Reddy,1992,1,,,2,
1352,Raghavendra Hegde,1983,1,,,2,
1353,Santosh Hegde,2006,1,,,3,
1354,Girish Kumar,1994,1,,,2,
1355,Raghavendra Hegde,1999,1,,,1,
1356,Basavaraj Naik,1985,1,,,3,
1357,Basavaraj Achar,2006,1,,,1,
1358,Srinivas Murthy,1997,1,,,2,
1359,Venkatesh Kumar,1997,1,,,2,
1360,Lokesh Shetty,1973,1,,,1,
1361,Harish Swamy,1980,1,,,2,
1362,Ramesh Achar,1981,1,,,3,
1363,Muniraju Patil,1980,1,,,4,
1364,Prakash Naik,1990,1,,,2,
1365,Mahesh Kumar,1991,1,,,3,
1366,Srinivas Naik,2006,1,,,3,
1367,Muniraju Kumar,1977,1,,,2,
1368,Srinivas Rao,1990,1,,,1,
1369,Yogesh Patil,2003,1,,,1,
1370,Nagaraj Achar,2006,1,,,1,
1371,Basavaraj Kumar,1990,1,,,3,
1372,Umesh Swamy,1974,1,,,1,
1373,Manjunath Kumar,1998,1,,,3,
1374,Venkatesh Murthy,1976,1,,,3,
1375,Chandrashekar Kumar,2004,1,,,2,
1376,Umesh Hegde,1974,1,,,1,
1377,Lokesh Swamy,1986,1,,,3,
1378,Venkatesh Reddy,1983,1,,,1,
1379,Kiran Shetty,1986,1,,,2,
1380,Chandrashekar Hegde,1974,1,,,2,
1381,Suresh Poojari,1992,1,,,2,
1382,Puneeth Gowda,2003,1,,,4,
1383,Santosh Rao,1994,1,,,2,
1384,Venkatesh Kumar,1993,1,,,2,
1385,Anand Kumar,1992,1,,,2,
1386,Ramesh Kumar,1978,1,,,1,
1387,Venkatesh Patil,1997,1,,,1,
1388,Chandrashekar Achar,1971,1,,,1,
1389,Krishnappa Patil,1986,1,,,4,
1390,Venkatesh Reddy,2006,1,,,1,
1391,Kiran Murthy,1999,1,,,3,
1392,Harish Patil,2003,1,,,4,
1393,Anand Poojari,1978,1,,,1,
1394,Krishnappa Hegde,2000,1,,,1,
1395,Basavaraj Naik,1980,1,,,2,
1396,Girish Kumar,2006,1,,,2,
1397,Puneeth Kumar,1990,1,,,1,
1398,Puneeth Reddy,2004,1,,,2,
1399,Girish Patil,1984,1,,,1,
1400,Shivakumar Shetty,1975,1,,,1,
1401,Srinivas Swamy,1978,1,,,2,
1402,Srinivas Shetty,2001,1,,,5,
1403,Srinivas Naik,2002,1,,,2,
1404,Girish Naik,1975,1,,,2,
1405,Muniraju Shetty,1991,1,,,3,
1406,Santosh Murthy,1979,1,,,1,
1407,Ramesh Achar,2004,1,,,1,
1408,Shivakumar Naik,1998,1,,,2,
1409,Krishnappa Patil,2006,1,,,1,
1410,Krishnappa Kumar,2004,1,,,2,
1411,Ramesh Poojari,1987,1,,,2,
1412,Mahesh Swamy,1976,1,,,2,
1413,Raghavendra Gowda,1979,1,,,2,
1414,Manjunath Naik,1993,1,,,1,
1415,Basavaraj Achar,1993,1,,,4,
1416,Srinivas Murthy,1973,1,,,1,
1417,Santosh Achar,1980,1,,,1,
1418,Krishnappa Rao,1980,1,,,2,
1419,Srinivas Achar,1999,1,,,2,
1420,Raghavendra Patil,1984,1,,,2,
1421,Darshan Poojari,1984,1,,,1,
1422,Nagaraj Murthy,2002,1,,,2,
1423,Puneeth Hegde,1993,1,,,1,
1424,Venkatesh Gowda,1977,1,,,2,
1425,Puneeth Gowda,1976,1,,,2,
1426,Puneeth Swamy,1996,1,,,2,
1427,Basavaraj Shetty,1987,1,,,3,
1428,Girish Reddy,1988,1,,,3,
1429,Anand Naik,1995,1,,,1,
1430,Raghavendra Patil,1979,1,,,1,
1431,Venkatesh Achar,1975,1,,,2,
1432,Lokesh Gowda,1992,1,,,4,
1433,Chandrashekar Achar,1991,1,,,1,
1434,Yogesh Swamy,1985,1,,,2,
1435,Venkatesh Hegde,1996,1,,,2,
1436,Girish Kumar,1976,1,,,1,
1437,Yogesh Swamy,1982,1,,,2,
1438,Umesh Reddy,1989,1,,,2,
1439,Srinivas Achar,1982,1,,,1,
1440,Puneeth Hegde,2003,1,,,3,
1441,Girish Hegde,1988,1,,,4,
1442,Manjunath Rao,1984,1,,,1,
1443,Lokesh Swamy,1979,1,,,2,
1444,Prakash Poojari,1981,1,,,2,
1445,Santosh Rao,1981,1,,,1,
1446,Venkatesh Achar,1980,1,,,2,
1447,Ramesh Patil,1995,1,,,3,
1448,Darshan Swamy,2008,1,,,1,
1449,Suresh Hegde,1983,1,,,1,
1450,Darshan Reddy,2001,1,,,1,
1451,Santosh Gowda,1992,1,,,2,
1452,Darshan Hegde,1999,1,,,2,
1453,Harish Swamy,1998,1,,,1,
1454,Yogesh Reddy,1983,1,,,1,
1455,Anand Shetty,1994,1,,,4,
1456,Ramesh Murthy,2004,1,,,2,
1457,Mahesh Gowda,1978,1,,,4,
1458,Kiran Swamy,2006,1,,,3,
1459,Srinivas Patil,1990,1,,,2,
1460,Srinivas Gowda,1987,1,,,1,
1461,Anand Naik,1980,1,,,3,
1462,Basavaraj Achar,1998,1,,,3,
1463,Basavaraj Poojari,1998,1,,,2,
1464,Puneeth Naik,1975,1,,,4,
1465,Umesh Gowda,1987,1,,,1,
1466,Manjunath Patil,1998,1,,,2,
1467,Girish Swamy,1983,1,,,1,
1468,Srinivas Reddy,1988,1,,,2,
1469,Mahesh Hegde,1989,1,,,4,
1470,Anand Kumar,1983,1,,,1,
1471,Manjunath Poojari,2004,1,,,2,
1472,Umesh Rao,1980,1,,,2,
1473,Chandrashekar Naik,1990,1,,,2,
1474,Girish Swamy,1988,1,,,1,
1475,Lokesh Kumar,2005,1,,,1,
1476,Prakash Naik,1987,1,,,5,
1477,Yogesh Reddy,1995,1,,,1,
1478,Mahesh Poojari,1982,1,,,2,
1479,Suresh Hegde,1992,1,,,2,
1480,Girish Achar,2005,1,,,1,
1481,Puneeth Achar,1989,1,,,1,
1482,Nagaraj Achar,1991,1,,,3,
1483,Yogesh Gowda,1990,1,,,2,
1484,Mahesh Poojari,1990,1,,,1,
1485,Suresh Hegde,2001,1,,,3,
1486,Krishnappa Shetty,2000,1,,,3,
1487,Srinivas Hegde,1983,1,,,2,
1488,Harish Swamy,1983,1,,,1,
1489,Umesh Poojari,1991,1,,,2,
1490,Puneeth Swamy,1980,1,,,2,
1491,Darshan Kumar,1986,1,,,2,
1492,Santosh Kumar,2002,1,,,3,
1493,Lokesh Gowda,2000,1,,,4,
1494,Kiran Patil,2008,1,,,1,
1495,Harish Shetty,1982,1,,,2,
1496,Mahesh Hegde,1993,1,,,1,
1497,Chandrashekar Murthy,2006,1,,,1,
1498,Lokesh Naik,1976,1,,,2,
1499,Muniraju Rao,2003,1,,,1,
1500,Nagaraj Reddy,1990,1,,,2,
1501,Muniraju Kumar,1995,1,,,1,
1502,Umesh Poojari,1978,1,,,1,
1503,Anand Murthy,1996,1,,,2,
1504,Kiran Poojari,2000,1,,,2,
1505,Manjunath Naik,1981,1,,,2,
1506,Shivakumar Reddy,2000,1,,,1,
1507,Yogesh Rao,1992,1,,,2,
1508,Kiran Kumar,1984,1,,,3,
1509,Lokesh Reddy,1996,1,,,3,
1510,Ramesh Hegde,1983,1,,,1,
1511,Manjunath Shetty,1978,1,,,2,
1512,Darshan Gowda,1984,1,,,2,
1513,Venkatesh Poojari,1986,1,,,1,
1514,Girish Rao,2006,1,,,2,
1515,Harish Achar,1992,1,,,4,
1516,Krishnappa Shetty,1996,1,,,2,
1517,Yogesh Naik,1992,1,,,2,
1518,Santosh Naik,1993,1,,,1,
1519,Prakash Kumar,1989,1,,,1,
1520,Shivakumar Reddy,1978,1,,,2,
1521,Nagaraj Patil,1971,1,,,1,
1522,Manjunath Reddy,1971,1,,,2,
1523,Santosh Achar,1972,1,,,2,
1524,Darshan Patil,1995,1,,,2,
1525,Girish Gowda,1996,1,,,2,
1526,Santosh Gowda,2000,1,,,3,
1527,Lokesh Reddy,2007,1,,,1,
1528,Shivakumar Swamy,1982,1,,,2,
1529,Nagaraj Hegde,1993,1,,,2,
1530,Puneeth Swamy,1989,1,,,1,
1531,Darshan Poojari,1979,1,,,1,
1532,Puneeth Kumar,2008,1,,,1,
1533,Muniraju Naik,1992,1,,,2,
1534,Chandrashekar Reddy,1987,1,,,2,
1535,Chandrashekar Shetty,1996,1,,,2,
1536,Santosh Poojari,1978,1,,,2,
1537,Venkatesh Patil,1972,1,,,2,
1538,Lokesh Shetty,2001,1,,,1,
1539,Harish Gowda,2002,1,,,2,
1540,Darshan Kumar,1982,1,,,2,
1541,Harish Patil,1980,1,,,2,
1542,Suresh Achar,2005,1,,,3,
1543,Krishnappa Murthy,1993,1,,,1,
1544,Raghavendra Achar,1999,1,,,4,
1545,Mahesh Kumar,1997,1,,,2,
1546,Puneeth Gowda,1974,1,,,1,
1547,Srinivas Poojari,2005,1,,,1,
1548,Lokesh Poojari,1993,1,,,1,
1549,Srinivas Kumar,1980,1,,,4,
1550,Yogesh Rao,1975,1,,,2,
1551,Raghavendra Kumar,1974,1,,,2,
1552,Krishnappa Rao,1994,1,,,3,
1553,Santosh Rao,1997,1,,,3,
1554,Umesh Kumar,2005,1,,,1,
1555,Mahesh Naik,1992,1,,,1,
1556,Muniraju Shetty,1996,1,,,1,
1557,Umesh Poojari,1996,1,,,1,
1558,Prakash Hegde,1999,1,,,2,
1559,Puneeth Gowda,1996,1,,,2,
1560,Puneeth Kumar,1986,1,,,1,
1561,Nagaraj Hegde,2000,1,,,1,
1562,Nagaraj Achar,1994,1,,,2,
1563,Puneeth Reddy,1990,1,,,1,
1564,Lokesh Achar,1982,1,,,2,
1565,Girish Patil,1973,1,,,2,
1566,Anand Rao,2008,1,,,1,
1567,Ramesh Naik,1994,1,,,2,
1568,Umesh Naik,1972,1,,,1,
1569,Ramesh Achar,1989,1,,,3,
1570,Chandrashekar Gowda,1990,1,,,2,
1571,Venkatesh Patil,1993,1,,,1,
1572,Prakash Shetty,1976,1,,,2,
1573,Basavaraj Rao,1996,1,,,1,
1574,Anand Hegde,2002,1,,,2,
1575,Shivakumar Patil,1972,1,,,1,
1576,Umesh Kumar,1976,1,,,3,
1577,Harish Poojari,1978,1,,,1,
1578,Basavaraj Swamy,1977,1,,,1,
1579,Muniraju Swamy,1974,1,,,2,
1580,Kiran Gowda,1982,1,,,2,
1581,Prakash Poojari,1974,1,,,3,
1582,Anand Rao,2004,1,,,2,
1583,Mahesh Poojari,1999,1,,,2,
1584,Puneeth Rao,1987,1,,,1,
1585,Chandrashekar Murthy,2000,1,,,1,
1586,Anand Gowda,2008,1,,,1,
1587,Krishnappa Hegde,1989,1,,,2,
1588,Prakash Achar,2004,1,,,1,
1589,Nagaraj Gowda,1993,1,,,2,
1590,Muniraju Patil,1995,1,,,1,
1591,Anand Poojari,2005,1,,,2,
1592,Puneeth Rao,1984,1,,,2,
1593,Prakash Rao,1981,1,,,1,
1594,Umesh Rao,2002,1,,,2,
1595,Darshan Shetty,1976,1,,,1,
1596,Anand Hegde,1984,1,,,2,
1597,Darshan Swamy,1982,1,,,2,
1598,Ramesh Gowda,1974,1,,,2,
1599,Chandrashekar Murthy,1980,1,,,3,
1600,Suresh Gowda,2003,1,,,2,
1601,Prakash Kumar,1984,1,,,2,
1602,Santosh Kumar,1997,1,,,1,
1603,Umesh Patil,1987,1,,,2,
1604,Puneeth Patil,2005,1,,,1,
1605,Lokesh Kumar,1995,1,,,2,
1606,Shivakumar Poojari,1977,1,,,2,
1607,Chandrashekar Kumar,1971,1,,,1,
1608,Venkatesh Shetty,1978,1,,,2,
1609,Umesh Naik,1994,1,,,1,
1610,Puneeth Poojari,2003,1,,,1,
1611,Muniraju Hegde,1998,1,,,2,
1612,Santosh Murthy,2004,1,,,3,
1613,Basavaraj Shetty,1989,1,,,1,
1614,Basavaraj Murthy,1975,1,,,1,
1615,Venkatesh Swamy,1992,1,,,2,
1616,Santosh Poojari,2002,1,,,2,
1617,Puneeth Swamy,1984,1,,,3,
1618,Krishnappa Reddy,1982,1,,,1,
1619,Manjunath Shetty,2000,1,,,1,
1620,Nagaraj Patil,1978,1,,,1,
1621,Kiran Patil,1992,1,,,1,
1622,Krishnappa Hegde,2004,1,,,1,
1623,Anand Poojari,1988,1,,,3,
1624,Muniraju Gowda,2001,1,,,1,
1625,Darshan Poojari,2007,1,,,1,
1626,Chandrashekar Poojari,1994,1,,,1,
1627,Venkatesh Kumar,1990,1,,,2,
1628,Manjunath Poojari,2000,1,,,1,
1629,Manjunath Reddy,1999,1,,,1,
1630,Mahesh Naik,1976,1,,,2,
1631,Chandrashekar Kumar,1980,1,,,2,
1632,Raghavendra Kumar,1994,1,,,2,
1633,Srinivas Kumar,1976,1,,,2,
1634,Santosh Naik,1999,1,,,1,
1635,Santosh Patil,2001,1,,,3,
1636,Yogesh Kumar,1973,1,,,1,
1637,Nagaraj Hegde,1986,1,,,1,
1638,Basavaraj Poojari,1993,1,,,3,
1639,Nagaraj Achar,2001,1,,,1,
1640,Shivakumar Gowda,1978,1,,,2,
1641,Shivakumar Patil,2003,1,,,2,
1642,Santosh Kumar,1972,1,,,4,
1643,Raghavendra Rao,1974,1,,,1,
1644,Darshan Naik,2003,1,,,1,
1645,Venkatesh Patil,2002,1,,,1,
1646,Puneeth Reddy,1976,1,,,2,
1647,Yogesh Gowda,1974,1,,,1,
1648,Manjunath Rao,1992,1,,,1,
1649,Srinivas Murthy,2001,1,,,3,
1650,Basavaraj Murthy,2007,1,,,1,
1651,Puneeth Shetty,1989,1,,,1,
1652,Puneeth Kumar,1999,1,,,1,
1653,Yogesh Kumar,1993,1,,,1,
1654,Chandrashekar Poojari,1978,1,,,2,
1655,Prakash Murthy,1978,1,,,1,
1656,Krishnappa Swamy,1980,1,,,2,
1657,Girish Patil,2004,1,,,2,
1658,Basavaraj Poojari,1976,1,,,4,
1659,Srinivas Poojari,1990,1,,,2,
1660,Manjunath Shetty,1974,1,,,1,
1661,Chandrashekar Poojari,2007,1,,,1,
1662,Nagaraj Rao,2004,1,,,2,
1663,Shivakumar Gowda,1993,1,,,1,
1664,Muniraju Rao,1999,1,,,2,
1665,Krishnappa Hegde,2008,1,,,1,
1666,Puneeth Murthy,1972,1,,,1,
1667,Srinivas Reddy,1996,1,,,3,
1668,Suresh Naik,1984,1,,,1,
1669,Ramesh Achar,1997,1,,,3,
1670,Nagaraj Gowda,1974,1,,,2,
1671,Santosh Murthy,1983,1,,,1,
1672,Chandrashekar Swamy,1988,1,,,2,
1673,Yogesh Achar,1987,1,,,1,
1674,Nagaraj Gowda,1988,1,,,2,
1675,Krishnappa Hegde,1975,1,,,1,
1676,Ramesh Poojari,1976,1,,,1,
1677,Lokesh Achar,1989,1,,,1,
1678,Muniraju Reddy,1978,1,,,2,
1679,Ramesh Shetty,2004,1,,,2,
1680,Darshan Gowda,1978,1,,,2,
1681,Puneeth Shetty,2006,1,,,1,
1682,Raghavendra Hegde,1976,1,,,1,
1683,Raghavendra Achar,1975,1,,,1,
1684,Manjunath Naik,1986,1,,,2,
1685,Krishnappa Murthy,1981,1,,,3,
1686,Nagaraj Patil,1990,1,,,2,
1687,Venkatesh Poojari,2001,1,,,1,
1688,Anand Hegde,2005,1,,,1,
1689,Ramesh Gowda,1983,1,,,1,
1690,Basavaraj Poojari,2002,1,,,2,
1691,Venkatesh Rao,2004,1,,,1,
1692,Anand Achar,2006,1,,,1,
1693,Darshan Naik,1997,1,,,1,
1694,Girish Murthy,1974,1,,,1,
1695,Nagaraj Rao,1973,1,,,1,
1696,Raghavendra Reddy,1984,1,,,1,
1697,Basavaraj Reddy,1991,1,,,3,
1698,Kiran Kumar,1980,1,,,1,
1699,Yogesh Kumar,2004,1,,,2,
1700,Krishnappa Rao,1973,1,,,1,
1701,Harish Achar,1982,1,,,1,
1702,Basavaraj Kumar,1994,1,,,1,
1703,Prakash Naik,2000,1,,,2,
1704,Raghavendra Swamy,2004,1,,,1,
1705,Lokesh Poojari,1978,1,,,1,
1706,Prakash Reddy,1985,1,,,1,
1707,Kiran Hegde,2005,1,,,1,
1708,Shivakumar Rao,1990,1,,,2,
1709,Chandrashekar Gowda,1981,1,,,1,
1710,Raghavendra Murthy,1998,1,,,2,
1711,Shivakumar Rao,2002,1,,,2,
1712,Venkatesh Swamy,1999,1,,,1,
1713,Manjunath Shetty,1990,1,,,1,
1714,Basavaraj Murthy,1982,1,,,2,
1715,Mahesh Poojari,2007,1,,,1,
1716,Anand Achar,1974,1,,,1,
1717,Harish Achar,1988,1,,,2,
1718,Venkatesh Kumar,2002,1,,,1,
1719,Yogesh Hegde,1998,1,,,2,
1720,Puneeth Poojari,1985,1,,,1,
1721,Raghavendra Patil,2001,1,,,1,
1722,Anand Shetty,1998,1,,,1,
1723,Venkatesh Reddy,1990,1,,,1,
1724,Chandrashekar Poojari,1982,1,,,2,
1725,Santosh Hegde,1999,1,,,2,
1726,Harish Murthy,1999,1,,,1,
1727,Kiran Swamy,1977,1,,,1,
1728,Shivakumar Poojari,1996,1,,,2,
1729,Yogesh Rao,2006,1,,,1,
1730,Shivakumar Kumar,1990,1,,,2,
1731,Nagaraj Poojari,1983,1,,,1,
1732,Venkatesh Murthy,1987,1,,,1,
1733,Prakash Achar,1983,1,,,1,
1734,Krishnappa Patil,1996,1,,,1,
1735,Suresh Murthy,1986,1,,,1,
1736,Nagaraj Shetty,1986,1,,,1,
1737,Anand Reddy,1974,1,,,1,
1738,Ramesh Patil,1977,1,,,1,
1739,Harish Shetty,1976,1,,,1,
1740,Nagaraj Rao,1978,1,,,1,
1741,Basavaraj Murthy,1992,1,,,1,
1742,Anand Hegde,1996,1,,,2,
1743,Manjunath Achar,1973,1,,,1,
1744,Ramesh Shetty,1997,1,,,1,
1745,Prakash Reddy,2000,1,,,2,
1746,Ramesh Shetty,1993,1,,,1,
1747,Santosh Rao,2000,1,,,2,
1748,Shivakumar Reddy,2007,1,,,1,
1749,Harish Rao,2000,1,,,1,
1750,Raghavendra Gowda,2005,1,,,2,
1751,Raghavendra Achar,1971,1,,,1,
1752,Santosh Swamy,1993,1,,,1,
1753,Puneeth Swamy,1976,1,,,2,
1754,Darshan Achar,1997,1,,,2,
1755,Muniraju Naik,2000,1,,,1,
1756,Suresh Reddy,1984,1,,,1,
1757,Shivakumar Achar,1993,1,,,1,
1758,Basavaraj Shetty,2002,1,,,1,
1759,Nagaraj Murthy,1976,1,,,1,
1760,Yogesh Achar,1975,1,,,1,
1761,Basavaraj Reddy,1982,1,,,2,
1762,Umesh Swamy,2007,1,,,1,
1763,Anand Poojari,1990,1,,,1,
1764,Puneeth Shetty,1996,1,,,1,
1765,Srinivas Patil,1996,1,,,2,
1766,Mahesh Naik,2006,1,,,2,
1767,Santosh Kumar,1991,1,,,2,
1768,Kiran Rao,2007,1,,,1,
1769,Yogesh Swamy,2002,1,,,1,
1770,Ramesh Patil,1993,1,,,1,
1771,Anand Naik,1990,1,,,1,
1772,Darshan Murthy,1979,1,,,4,
1773,Santosh Gowda,1974,1,,,1,
1774,Muniraju Gowda,1975,1,,,1,
1775,Puneeth Patil,1978,1,,,1,
1776,Suresh Gowda,1972,1,,,1,
1777,Raghavendra Poojari,1972,1,,,1,
1778,Umesh Swamy,1993,1,,,1,
1779,Ramesh Gowda,2006,1,,,1,
1780,Girish Rao,1997,1,,,3,
1781,Umesh Gowda,2001,1,,,2,
1782,Kiran Patil,2000,1,,,1,
1783,Anand Reddy,1987,1,,,1,
1784,Lokesh Gowda,1996,1,,,1,
1785,Nagaraj Hegde,1996,1,,,1,
1786,Venkatesh Naik,1991,1,,,1,
1787,Venkatesh Achar,2003,1,,,1,
1788,Umesh Naik,2000,1,,,1,
1789,Girish Rao,1984,1,,,3,
1790,Krishnappa Shetty,1986,1,,,1,
1791,Prakash Hegde,1990,1,,,1,
1792,Darshan Murthy,1990,1,,,1,
1793,Lokesh Murthy,1971,1,,,1,
1794,Mahesh Shetty,1994,1,,,1,
1795,Suresh Achar,1995,1,,,1,
1796,Puneeth Swamy,2001,1,,,1,
1797,Basavaraj Patil,1986,1,,,1,
1798,Mahesh Rao,2005,1,,,1,
1799,Manjunath Reddy,1978,1,,,2,
1800,Darshan Patil,1999,1,,,1,
1801,Prakash Gowda,1978,1,,,1,
1802,Manjunath Hegde,1985,1,,,1,
1803,Basavaraj Hegde,1980,1,,,2,
1804,Shivakumar Rao,1971,1,,,1,
1805,Venkatesh Reddy,1979,1,,,1,
1806,Mahesh Swamy,2007,1,,,1,
1807,Yogesh Kumar,1988,1,,,2,
1808,Suresh Rao,1990,1,,,1,
1809,Krishnappa Achar,1990,1,,,1,
1810,Girish Achar,1997,1,,,1,
1811,Suresh Achar,2008,1,,,1,
1812,Anand Patil,1979,1,,,1,
1813,Ramesh Poojari,1990,1,,,1,
1814,Ramesh Murthy,2006,1,,,1,
1815,Ramesh Swamy,2007,1,,,1,
1816,Mahesh Patil,1994,1,,,2,
1817,Raghavendra Patil,1988,1,,,1,
1818,Girish Achar,1977,1,,,2,
1819,Nagaraj Gowda,1983,1,,,1,
1820,Basavaraj Gowda,1991,1,,,1,
1821,Chandrashekar Patil,1980,1,,,1,
1822,Raghavendra Swamy,1995,1,,,1,
1823,Lokesh Patil,1977,1,,,1,
1824,Girish Poojari,2004,1,,,1,
1825,Darshan Patil,1974,1,,,1,
1826,Chandrashekar Hegde,1988,1,,,1,
1827,Suresh Rao,1995,1,,,1,
1828,Puneeth Murthy,2005,1,,,1,
1829,Mahesh Achar,1981,1,,,1,
1830,Puneeth Reddy,1984,1,,,2,
1831,Nagaraj Hegde,1982,1,,,1,
1832,Puneeth Patil,1994,1,,,1,
1833,Girish Shetty,1987,1,,,1,
1834,Puneeth Murthy,2001,1,,,1,
1835,Girish Swamy,1975,1,,,1,
1836,Lokesh Shetty,1983,1,,,1,
1837,Muniraju Naik,1973,1,,,1,
1838,Srinivas Poojari,1996,1,,,2,
1839,Krishnappa Shetty,1980,1,,,1,
1840,Harish Gowda,1977,1,,,1,
1841,Darshan Shetty,2004,1,,,2,
1842,Anand Achar,1997,1,,,1,
1843,Basavaraj Patil,2002,1,,,1,
1844,Kiran Reddy,1974,1,,,1,
1845,Anand Hegde,1977,1,,,1,
1846,Prakash Achar,1991,1,,,1,
1847,Shivakumar Murthy,1994,1,,,1,
1848,Ramesh Rao,1991,1,,,1,
1849,Yogesh Swamy,2008,1,,,1,
1850,Lokesh Shetty,1979,1,,,1,
1851,Ramesh Naik,2006,1,,,1,
1852,Girish Naik,1994,1,,,1,
1853,Chandrashekar Achar,2006,1,,,1,
1854,Kiran Gowda,2003,1,,,1,
1855,Harish Murthy,2004,1,,,1,
1856,Santosh Reddy,1998,1,,,2,
1857,Umesh Shetty,1978,1,,,1,
1858,Manjunath Rao,2005,1,,,1,
1859,Girish Rao,1978,1,,,1,
1860,Mahesh Swamy,1995,1,,,1,
1861,Kiran Hegde,1994,1,,,1,
1862,Yogesh Patil,2008,1,,,1,
1863,Kiran Achar,2002,1,,,1,
1864,Harish Kumar,1993,1,,,1,
1865,Yogesh Shetty,1990,1,,,1,
1866,Anand Naik,1999,1,,,1,
1867,Srinivas Swamy,1975,1,,,1,
1868,Prakash Rao,1998,1,,,1,
1869,Yogesh Gowda,2005,1,,,1,
1870,Girish Rao,1992,1,,,1,
1871,Anand Hegde,1990,1,,,1,
1872,Mahesh Naik,1998,1,,,1,
1873,Manjunath Reddy,1983,1,,,1,
1874,Venkatesh Swamy,1984,1,,,1,
1875,Girish Shetty,1975,1,,,1,
1876,Umesh Shetty,2002,1,,,1,
1877,Suresh Naik,1971,1,,,1,
1878,Basavaraj Reddy,1975,1,,,1,
1879,Puneeth Gowda,1981,1,,,1,
1880,Mahesh Rao,1972,1,,,1,
1881,Nagaraj Poojari,1978,1,,,1,
1882,Srinivas Reddy,1972,1,,,1,
1883,Mahesh Patil,1984,1,,,2,
1884,Anand Gowda,1989,1,,,1,
1885,Manjunath Kumar,2008,1,,,1,
1886,Raghavendra Shetty,1997,1,,,1,
1887,Prakash Naik,1984,1,,,1,
1888,Darshan Rao,2004,1,,,1,
1889,Raghavendra Poojari,1984,1,,,1,
1890,Prakash Reddy,2007,1,,,1,
1891,Harish Reddy,1983,1,,,1,
1892,Umesh Kumar,1973,1,,,1,
1893,Srinivas Murthy,1983,1,,,1,
1894,Muniraju Hegde,2004,1,,,1,
1895,Raghavendra Kumar,1985,1,,,1,
1896,Muniraju Shetty,1984,1,,,1,
1897,Harish Gowda,1998,1,,,1,
1898,Muniraju Swamy,2007,1,,,1,
1899,Lokesh Gowda,1973,1,,,1,
